{
  "val": {
    "n": 425,
    "mae": 38.6588,
    "mse": 8856.7812,
    "rmse": 94.1105,
    "nae": 1.0319,
    "avg_time_sec": 5.38,
    "by_gt_range": {
      "1-10": {
        "n": 46,
        "mae": 21.0,
        "rmse": 40.02010364369605
      },
      "11-50": {
        "n": 251,
        "mae": 21.800796812749002,
        "rmse": 32.01282113671761
      },
      "51-200": {
        "n": 105,
        "mae": 32.142857142857146,
        "rmse": 40.62570145914553
      },
      "201+": {
        "n": 23,
        "mae": 287.69565217391306,
        "rmse": 376.47859226625707
      }
    }
  }
}