{
  "val": {
    "n": 428,
    "mae": 39.6262,
    "mse": 11272.9439,
    "rmse": 106.1741,
    "nae": 0.9106,
    "avg_time_sec": 4.97,
    "by_gt_range": {
      "1-10": {
        "n": 46,
        "mae": 20.130434782608695,
        "rmse": 36.901749693405904
      },
      "11-50": {
        "n": 251,
        "mae": 18.904382470119522,
        "rmse": 24.925146904425084
      },
      "51-200": {
        "n": 105,
        "mae": 30.02857142857143,
        "rmse": 37.315769678068634
      },
      "201+": {
        "n": 26,
        "mae": 312.9230769230769,
        "rmse": 414.1735979402468
      }
    }
  }
}