{
  "val": {
    "n": 425,
    "mae": 30.8024,
    "mse": 9301.9412,
    "rmse": 96.4466,
    "nae": 0.3589,
    "avg_time_sec": 7.17,
    "by_gt_range": {
      "1-10": {
        "n": 46,
        "mae": 4.108695652173913,
        "rmse": 9.983682338870677
      },
      "11-50": {
        "n": 251,
        "mae": 6.848605577689243,
        "rmse": 11.23295521528177
      },
      "51-200": {
        "n": 105,
        "mae": 35.51428571428571,
        "rmse": 49.03341911876216
      },
      "201+": {
        "n": 23,
        "mae": 324.0869565217391,
        "rmse": 399.16325525757765
      }
    }
  }
}