{
  "test": {
    "n": 396,
    "mae": 32.0328,
    "mse": 37202.8561,
    "rmse": 192.8804,
    "nae": 0.4282,
    "avg_time_sec": 9.91,
    "by_gt_range": {
      "1-10": {
        "n": 11,
        "mae": 8.636363636363637,
        "rmse": 16.070865791012235
      },
      "11-50": {
        "n": 219,
        "mae": 11.493150684931507,
        "rmse": 21.616098347355774
      },
      "51-200": {
        "n": 140,
        "mae": 23.285714285714285,
        "rmse": 39.87408753994074
      },
      "201+": {
        "n": 26,
        "mae": 262.03846153846155,
        "rmse": 744.3264637344186
      }
    }
  },
  "thermal": {
    "enabled": true,
    "temp_limit_c": 78,
    "cooldown_sec": 30,
    "hysteresis_c": 5,
    "check_every": 5,
    "peak_temp_c": 45,
    "cooldown_events": 0,
    "cooldown_seconds": 0.0,
    "polls": 79
  }
}