{
  "val": {
    "n": 426,
    "mae": 43.1315,
    "mse": 13432.6573,
    "rmse": 115.8993,
    "nae": 0.9678,
    "avg_time_sec": 5.48,
    "by_gt_range": {
      "1-10": {
        "n": 46,
        "mae": 17.41304347826087,
        "rmse": 35.532899635714216
      },
      "11-50": {
        "n": 251,
        "mae": 21.191235059760956,
        "rmse": 30.67052778972671
      },
      "51-200": {
        "n": 105,
        "mae": 36.8,
        "rmse": 47.599119639718026
      },
      "201+": {
        "n": 24,
        "mae": 349.5833333333333,
        "rmse": 465.0370056959625
      }
    }
  }
}