{
  "val": {
    "n": 428,
    "mae": 42.1542,
    "mse": 9992.8458,
    "rmse": 99.9642,
    "nae": 1.0808,
    "avg_time_sec": 5.05,
    "by_gt_range": {
      "1-10": {
        "n": 46,
        "mae": 20.934782608695652,
        "rmse": 38.8947856122911
      },
      "11-50": {
        "n": 251,
        "mae": 23.250996015936256,
        "rmse": 33.9759699473693
      },
      "51-200": {
        "n": 105,
        "mae": 38.10476190476191,
        "rmse": 46.500486428587365
      },
      "201+": {
        "n": 26,
        "mae": 278.53846153846155,
        "rmse": 376.7554807931695
      }
    }
  }
}