{
  "val": {
    "n": 428,
    "mae": 57.5234,
    "mse": 18658.6776,
    "rmse": 136.5968,
    "nae": 0.7109,
    "avg_time_sec": 4.97,
    "by_gt_range": {
      "1-10": {
        "n": 46,
        "mae": 7.913043478260869,
        "rmse": 8.97096766628691
      },
      "11-50": {
        "n": 251,
        "mae": 14.47011952191235,
        "rmse": 18.32660748291045
      },
      "51-200": {
        "n": 105,
        "mae": 86.33333333333333,
        "rmse": 97.8109449518864
      },
      "201+": {
        "n": 26,
        "mae": 444.5769230769231,
        "rmse": 514.9076466856795
      }
    }
  }
}