{
  "val": {
    "n": 428,
    "mae": 49.3598,
    "mse": 16663.6495,
    "rmse": 129.0878,
    "nae": 0.5019,
    "avg_time_sec": 5.22,
    "by_gt_range": {
      "1-10": {
        "n": 46,
        "mae": 5.1521739130434785,
        "rmse": 7.109393663377318
      },
      "11-50": {
        "n": 251,
        "mae": 9.207171314741036,
        "rmse": 12.359972665940198
      },
      "51-200": {
        "n": 105,
        "mae": 72.38095238095238,
        "rmse": 82.28498676927066
      },
      "201+": {
        "n": 26,
        "mae": 422.2307692307692,
        "rmse": 495.3800405904386
      }
    }
  }
}