{
  "val": {
    "n": 428,
    "mae": 43.0397,
    "mse": 13393.6472,
    "rmse": 115.7309,
    "nae": 0.9568,
    "avg_time_sec": 5.01,
    "by_gt_range": {
      "1-10": {
        "n": 46,
        "mae": 17.108695652173914,
        "rmse": 35.41892149684968
      },
      "11-50": {
        "n": 251,
        "mae": 21.095617529880478,
        "rmse": 30.626460449769166
      },
      "51-200": {
        "n": 105,
        "mae": 36.819047619047616,
        "rmse": 47.67529059516401
      },
      "201+": {
        "n": 26,
        "mae": 325.88461538461536,
        "rmse": 447.24296442847395
      }
    }
  }
}