{
  "val": {
    "n": 428,
    "mae": 38.9416,
    "mse": 11957.4042,
    "rmse": 109.3499,
    "nae": 0.8275,
    "avg_time_sec": 4.99,
    "by_gt_range": {
      "1-10": {
        "n": 46,
        "mae": 19.47826086956522,
        "rmse": 35.029800977478295
      },
      "11-50": {
        "n": 251,
        "mae": 16.53386454183267,
        "rmse": 21.682423527821808
      },
      "51-200": {
        "n": 105,
        "mae": 27.19047619047619,
        "rmse": 38.818871208534155
      },
      "201+": {
        "n": 26,
        "mae": 337.15384615384613,
        "rmse": 429.0013448069293
      }
    }
  }
}