{
  "val": {
    "n": 428,
    "mae": 43.1075,
    "mse": 13376.9346,
    "rmse": 115.6587,
    "nae": 0.9636,
    "avg_time_sec": 5.0,
    "by_gt_range": {
      "1-10": {
        "n": 46,
        "mae": 17.41304347826087,
        "rmse": 35.532899635714216
      },
      "11-50": {
        "n": 251,
        "mae": 21.191235059760956,
        "rmse": 30.67052778972671
      },
      "51-200": {
        "n": 105,
        "mae": 36.8,
        "rmse": 47.599119639718026
      },
      "201+": {
        "n": 26,
        "mae": 325.61538461538464,
        "rmse": 446.92289818611545
      }
    }
  }
}