{
  "val": {
    "n": 425,
    "mae": 41.5788,
    "mse": 9082.9059,
    "rmse": 95.3043,
    "nae": 1.1289,
    "avg_time_sec": 5.63,
    "by_gt_range": {
      "1-10": {
        "n": 46,
        "mae": 21.152173913043477,
        "rmse": 40.43378914160564
      },
      "11-50": {
        "n": 251,
        "mae": 24.06374501992032,
        "rmse": 34.62053831624767
      },
      "51-200": {
        "n": 105,
        "mae": 39.51428571428571,
        "rmse": 49.48564005273218
      },
      "201+": {
        "n": 23,
        "mae": 283.0,
        "rmse": 374.5756439538992
      }
    }
  }
}