{
  "test": {
    "n": 178,
    "mae": 22.2022,
    "mse": 2867.8652,
    "rmse": 53.5525,
    "nae": 0.3267,
    "avg_time_sec": 2.56,
    "by_gt_range": {
      "1-10": {
        "n": 10,
        "mae": 6.1,
        "rmse": 11.691877522451216
      },
      "11-50": {
        "n": 96,
        "mae": 7.270833333333333,
        "rmse": 17.518442662900526
      },
      "51-200": {
        "n": 60,
        "mae": 25.283333333333335,
        "rmse": 37.209541787020164
      },
      "201+": {
        "n": 12,
        "mae": 139.66666666666666,
        "rmse": 181.79154729157972
      }
    }
  },
  "thermal": {
    "enabled": true,
    "temp_limit_c": 78,
    "cooldown_sec": 30,
    "hysteresis_c": 5,
    "check_every": 5,
    "peak_temp_c": 45,
    "cooldown_events": 0,
    "cooldown_seconds": 0.0,
    "polls": 35
  }
}