{
  "val": {
    "n": 428,
    "mae": 43.0467,
    "mse": 10099.5093,
    "rmse": 100.4963,
    "nae": 1.1247,
    "avg_time_sec": 4.97,
    "by_gt_range": {
      "1-10": {
        "n": 46,
        "mae": 21.304347826086957,
        "rmse": 40.45502064827274
      },
      "11-50": {
        "n": 251,
        "mae": 24.06374501992032,
        "rmse": 34.62053831624767
      },
      "51-200": {
        "n": 105,
        "mae": 39.56190476190476,
        "rmse": 49.573802605427645
      },
      "201+": {
        "n": 26,
        "mae": 278.84615384615387,
        "rmse": 376.6460284793015
      }
    }
  }
}