{
  "val": {
    "n": 428,
    "mae": 40.0818,
    "mse": 14661.3949,
    "rmse": 121.0842,
    "nae": 0.4116,
    "avg_time_sec": 5.3,
    "by_gt_range": {
      "1-10": {
        "n": 46,
        "mae": 5.065217391304348,
        "rmse": 8.766289185679224
      },
      "11-50": {
        "n": 251,
        "mae": 7.139442231075697,
        "rmse": 10.13258716760746
      },
      "51-200": {
        "n": 105,
        "mae": 45.7047619047619,
        "rmse": 59.855301710518034
      },
      "201+": {
        "n": 26,
        "mae": 397.34615384615387,
        "rmse": 475.1353248529064
      }
    }
  }
}