{
  "val": {
    "n": 425,
    "mae": 31.8565,
    "mse": 9335.3671,
    "rmse": 96.6197,
    "nae": 0.3945,
    "avg_time_sec": 5.33,
    "by_gt_range": {
      "1-10": {
        "n": 46,
        "mae": 5.195652173913044,
        "rmse": 14.522097105715348
      },
      "11-50": {
        "n": 251,
        "mae": 7.49003984063745,
        "rmse": 11.910690233259755
      },
      "51-200": {
        "n": 105,
        "mae": 37.68571428571428,
        "rmse": 50.794544138969435
      },
      "201+": {
        "n": 23,
        "mae": 324.4782608695652,
        "rmse": 398.43787361448807
      }
    }
  }
}