{
  "val": {
    "n": 423,
    "mae": 43.6525,
    "mse": 10126.1064,
    "rmse": 100.6286,
    "nae": 1.1568,
    "avg_time_sec": 14.09,
    "by_gt_range": {
      "1-10": {
        "n": 46,
        "mae": 21.91304347826087,
        "rmse": 40.90232267243512
      },
      "11-50": {
        "n": 250,
        "mae": 24.596,
        "rmse": 35.005999485802434
      },
      "51-200": {
        "n": 101,
        "mae": 40.663366336633665,
        "rmse": 50.414421164842686
      },
      "201+": {
        "n": 26,
        "mae": 276.96153846153845,
        "rmse": 374.33669542066207
      }
    }
  },
  "test": {
    "n": 396,
    "mae": 45.4672,
    "mse": 19441.7146,
    "rmse": 139.4335,
    "nae": 1.1981,
    "avg_time_sec": 9.6,
    "by_gt_range": {
      "1-10": {
        "n": 14,
        "mae": 38.642857142857146,
        "rmse": 48.146354260436254
      },
      "11-50": {
        "n": 230,
        "mae": 34.926086956521736,
        "rmse": 46.08928008908834
      },
      "51-200": {
        "n": 127,
        "mae": 41.874015748031496,
        "rmse": 53.06525473266401
      },
      "201+": {
        "n": 25,
        "mae": 164.52,
        "rmse": 522.3130478936937
      }
    }
  }
}