{
  "val": {
    "n": 428,
    "mae": 39.6776,
    "mse": 10984.3458,
    "rmse": 104.8062,
    "nae": 0.9173,
    "avg_time_sec": 4.99,
    "by_gt_range": {
      "1-10": {
        "n": 46,
        "mae": 18.565217391304348,
        "rmse": 36.61847953531469
      },
      "11-50": {
        "n": 251,
        "mae": 19.49402390438247,
        "rmse": 26.202627525556057
      },
      "51-200": {
        "n": 105,
        "mae": 32.25714285714286,
        "rmse": 39.64737426002239
      },
      "201+": {
        "n": 26,
        "mae": 301.84615384615387,
        "rmse": 406.780795250483
      }
    }
  }
}