{
  "val": {
    "n": 428,
    "mae": 43.3388,
    "mse": 10014.6752,
    "rmse": 100.0733,
    "nae": 1.1465,
    "avg_time_sec": 5.01,
    "by_gt_range": {
      "1-10": {
        "n": 46,
        "mae": 21.956521739130434,
        "rmse": 40.91082561100317
      },
      "11-50": {
        "n": 251,
        "mae": 24.50199203187251,
        "rmse": 34.92576076394384
      },
      "51-200": {
        "n": 105,
        "mae": 39.885714285714286,
        "rmse": 49.63389778693398
      },
      "201+": {
        "n": 26,
        "mae": 276.96153846153845,
        "rmse": 374.3943314002168
      }
    }
  }
}