{
  "val": {
    "n": 428,
    "mae": 45.6916,
    "mse": 9359.1963,
    "rmse": 96.7429,
    "nae": 1.3483,
    "avg_time_sec": 5.03,
    "by_gt_range": {
      "1-10": {
        "n": 46,
        "mae": 27.652173913043477,
        "rmse": 46.594924149758405
      },
      "11-50": {
        "n": 251,
        "mae": 28.250996015936256,
        "rmse": 39.15751213971735
      },
      "51-200": {
        "n": 105,
        "mae": 41.733333333333334,
        "rmse": 52.51303693007145
      },
      "201+": {
        "n": 26,
        "mae": 261.96153846153845,
        "rmse": 352.5432324825294
      }
    }
  }
}