{
  "val": {
    "n": 426,
    "mae": 42.1197,
    "mse": 10364.1385,
    "rmse": 101.8044,
    "nae": 0.5859,
    "avg_time_sec": 5.17,
    "by_gt_range": {
      "1-10": {
        "n": 46,
        "mae": 6.739130434782608,
        "rmse": 14.71910914128445
      },
      "11-50": {
        "n": 251,
        "mae": 12.605577689243027,
        "rmse": 16.40474132220943
      },
      "51-200": {
        "n": 105,
        "mae": 60.87619047619047,
        "rmse": 72.98519093102446
      },
      "201+": {
        "n": 24,
        "mae": 336.5416666666667,
        "rmse": 396.7729724498213
      }
    }
  }
}