{
  "test": {
    "n": 391,
    "mae": 38.7724,
    "mse": 47756.491,
    "rmse": 218.5326,
    "nae": 0.7146,
    "avg_time_sec": 5.8,
    "by_gt_range": {
      "1-10": {
        "n": 11,
        "mae": 14.454545454545455,
        "rmse": 18.841443681416774
      },
      "11-50": {
        "n": 219,
        "mae": 21.08675799086758,
        "rmse": 32.085217580914296
      },
      "51-200": {
        "n": 139,
        "mae": 27.287769784172664,
        "rmse": 41.51007505335605
      },
      "201+": {
        "n": 22,
        "mae": 299.54545454545456,
        "rmse": 909.6433366985107
      }
    }
  },
  "thermal": {
    "enabled": true,
    "temp_limit_c": 78,
    "cooldown_sec": 30,
    "hysteresis_c": 5,
    "check_every": 5,
    "peak_temp_c": 63,
    "cooldown_events": 0,
    "cooldown_seconds": 0.0,
    "polls": 79
  }
}