{
  "val": {
    "n": 425,
    "mae": 30.7129,
    "mse": 8816.7318,
    "rmse": 93.8975,
    "nae": 0.4135,
    "avg_time_sec": 11.39,
    "by_gt_range": {
      "1-10": {
        "n": 46,
        "mae": 6.5,
        "rmse": 14.939734006129862
      },
      "11-50": {
        "n": 251,
        "mae": 7.394422310756972,
        "rmse": 12.043414162985313
      },
      "51-200": {
        "n": 105,
        "mae": 35.23809523809524,
        "rmse": 49.1770368401854
      },
      "201+": {
        "n": 23,
        "mae": 312.95652173913044,
        "rmse": 387.1022783619899
      }
    }
  }
}