{
  "val": {
    "n": 428,
    "mae": 40.6028,
    "mse": 10196.5654,
    "rmse": 100.978,
    "nae": 1.014,
    "avg_time_sec": 4.98,
    "by_gt_range": {
      "1-10": {
        "n": 46,
        "mae": 20.630434782608695,
        "rmse": 38.12707585225332
      },
      "11-50": {
        "n": 251,
        "mae": 21.593625498007967,
        "rmse": 31.3029153587994
      },
      "51-200": {
        "n": 105,
        "mae": 33.55238095238095,
        "rmse": 41.2669589958105
      },
      "201+": {
        "n": 26,
        "mae": 287.9230769230769,
        "rmse": 385.93054377100634
      }
    }
  }
}