{
  "val": {
    "n": 425,
    "mae": 32.0,
    "mse": 8093.2141,
    "rmse": 89.9623,
    "nae": 0.7813,
    "avg_time_sec": 5.47,
    "by_gt_range": {
      "1-10": {
        "n": 46,
        "mae": 16.67391304347826,
        "rmse": 34.011826587616355
      },
      "11-50": {
        "n": 251,
        "mae": 14.920318725099602,
        "rmse": 24.981347623450286
      },
      "51-200": {
        "n": 105,
        "mae": 25.076190476190476,
        "rmse": 33.45145736735546
      },
      "201+": {
        "n": 23,
        "mae": 280.6521739130435,
        "rmse": 367.85317250465454
      }
    }
  },
  "thermal": {
    "enabled": true,
    "temp_limit_c": 78,
    "cooldown_sec": 30,
    "hysteresis_c": 5,
    "check_every": 5,
    "peak_temp_c": 63,
    "cooldown_events": 0,
    "cooldown_seconds": 0.0,
    "polls": 84
  }
}