{
  "val": {
    "n": 428,
    "mae": 43.2664,
    "mse": 10026.6355,
    "rmse": 100.1331,
    "nae": 1.1394,
    "avg_time_sec": 5.02,
    "by_gt_range": {
      "1-10": {
        "n": 46,
        "mae": 21.652173913043477,
        "rmse": 40.77030035827977
      },
      "11-50": {
        "n": 251,
        "mae": 24.39840637450199,
        "rmse": 34.847076277639154
      },
      "51-200": {
        "n": 105,
        "mae": 39.904761904761905,
        "rmse": 49.67628542205358
      },
      "201+": {
        "n": 26,
        "mae": 277.2307692307692,
        "rmse": 374.7323147158618
      }
    }
  }
}