{
  "test": {
    "n": 178,
    "mae": 19.9494,
    "mse": 2235.7921,
    "rmse": 47.2842,
    "nae": 0.3958,
    "avg_time_sec": 4.59,
    "by_gt_range": {
      "1-10": {
        "n": 10,
        "mae": 7.7,
        "rmse": 11.545561917897285
      },
      "11-50": {
        "n": 96,
        "mae": 9.833333333333334,
        "rmse": 23.483149987455544
      },
      "51-200": {
        "n": 60,
        "mae": 22.383333333333333,
        "rmse": 31.497883526781077
      },
      "201+": {
        "n": 12,
        "mae": 98.91666666666667,
        "rmse": 153.88605091647088
      }
    }
  },
  "thermal": {
    "enabled": true,
    "temp_limit_c": 78,
    "cooldown_sec": 30,
    "hysteresis_c": 5,
    "check_every": 5,
    "peak_temp_c": 44,
    "cooldown_events": 0,
    "cooldown_seconds": 0.0,
    "polls": 35
  }
}