{
  "val": {
    "n": 425,
    "mae": 37.0,
    "mse": 9528.5059,
    "rmse": 97.6141,
    "nae": 0.8254,
    "avg_time_sec": 5.37,
    "by_gt_range": {
      "1-10": {
        "n": 46,
        "mae": 16.58695652173913,
        "rmse": 25.2694178457057
      },
      "11-50": {
        "n": 251,
        "mae": 16.677290836653388,
        "rmse": 23.718132321007335
      },
      "51-200": {
        "n": 105,
        "mae": 32.01904761904762,
        "rmse": 42.83145261759556
      },
      "201+": {
        "n": 23,
        "mae": 322.3478260869565,
        "rmse": 400.3485437986994
      }
    }
  }
}