{
  "test": {
    "n": 396,
    "mae": 44.9949,
    "mse": 37227.4899,
    "rmse": 192.9443,
    "nae": 1.0459,
    "avg_time_sec": 10.0,
    "by_gt_range": {
      "1-10": {
        "n": 11,
        "mae": 24.363636363636363,
        "rmse": 35.39645590887725
      },
      "11-50": {
        "n": 219,
        "mae": 31.438356164383563,
        "rmse": 40.8704937610738
      },
      "51-200": {
        "n": 140,
        "mae": 31.87142857142857,
        "rmse": 44.36198501291071
      },
      "201+": {
        "n": 26,
        "mae": 238.57692307692307,
        "rmse": 736.0750641069156
      }
    }
  },
  "thermal": {
    "enabled": true,
    "temp_limit_c": 78,
    "cooldown_sec": 30,
    "hysteresis_c": 5,
    "check_every": 5,
    "peak_temp_c": 43,
    "cooldown_events": 0,
    "cooldown_seconds": 0.0,
    "polls": 79
  }
}