{
  "val": {
    "n": 428,
    "mae": 42.9369,
    "mse": 10023.0864,
    "rmse": 100.1154,
    "nae": 1.1225,
    "avg_time_sec": 5.02,
    "by_gt_range": {
      "1-10": {
        "n": 46,
        "mae": 21.152173913043477,
        "rmse": 40.43378914160564
      },
      "11-50": {
        "n": 251,
        "mae": 24.06374501992032,
        "rmse": 34.62053831624767
      },
      "51-200": {
        "n": 105,
        "mae": 39.51428571428571,
        "rmse": 49.48564005273218
      },
      "201+": {
        "n": 26,
        "mae": 277.5,
        "rmse": 375.0233326074526
      }
    }
  }
}