{
  "val": {
    "n": 428,
    "mae": 43.0187,
    "mse": 10087.6028,
    "rmse": 100.4371,
    "nae": 1.1234,
    "avg_time_sec": 4.97,
    "by_gt_range": {
      "1-10": {
        "n": 46,
        "mae": 21.217391304347824,
        "rmse": 40.44427191129521
      },
      "11-50": {
        "n": 251,
        "mae": 24.06374501992032,
        "rmse": 34.62053831624767
      },
      "51-200": {
        "n": 105,
        "mae": 39.523809523809526,
        "rmse": 49.499206342843806
      },
      "201+": {
        "n": 26,
        "mae": 278.6923076923077,
        "rmse": 376.4274370773408
      }
    }
  }
}