{
  "val": {
    "n": 425,
    "mae": 30.9906,
    "mse": 8878.2282,
    "rmse": 94.2244,
    "nae": 0.4077,
    "avg_time_sec": 5.36,
    "by_gt_range": {
      "1-10": {
        "n": 46,
        "mae": 6.282608695652174,
        "rmse": 14.824333697175648
      },
      "11-50": {
        "n": 251,
        "mae": 7.243027888446215,
        "rmse": 11.761914362979851
      },
      "51-200": {
        "n": 105,
        "mae": 36.142857142857146,
        "rmse": 49.70110662751887
      },
      "201+": {
        "n": 23,
        "mae": 316.04347826086956,
        "rmse": 388.3657509638809
      }
    }
  }
}