{
  "val": {
    "n": 428,
    "mae": 32.0958,
    "mse": 9744.1145,
    "rmse": 98.7123,
    "nae": 0.5588,
    "avg_time_sec": 4.96,
    "by_gt_range": {
      "1-10": {
        "n": 46,
        "mae": 10.608695652173912,
        "rmse": 32.871290499924626
      },
      "11-50": {
        "n": 251,
        "mae": 11.195219123505977,
        "rmse": 22.4202881941594
      },
      "51-200": {
        "n": 105,
        "mae": 28.16190476190476,
        "rmse": 36.978372057190406
      },
      "201+": {
        "n": 26,
        "mae": 287.7692307692308,
        "rmse": 384.85911508179
      }
    }
  }
}