{
  "val": {
    "n": 428,
    "mae": 40.2477,
    "mse": 13467.2336,
    "rmse": 116.0484,
    "nae": 0.5453,
    "avg_time_sec": 5.11,
    "by_gt_range": {
      "1-10": {
        "n": 46,
        "mae": 9.804347826086957,
        "rmse": 16.40718294448846
      },
      "11-50": {
        "n": 251,
        "mae": 9.51394422310757,
        "rmse": 12.936251912583364
      },
      "51-200": {
        "n": 105,
        "mae": 44.628571428571426,
        "rmse": 58.14612135449301
      },
      "201+": {
        "n": 26,
        "mae": 373.11538461538464,
        "rmse": 453.8123553255837
      }
    }
  }
}