{
  "val": {
    "n": 425,
    "mae": 37.2094,
    "mse": 10517.7129,
    "rmse": 102.5559,
    "nae": 0.5155,
    "avg_time_sec": 5.38,
    "by_gt_range": {
      "1-10": {
        "n": 46,
        "mae": 10.0,
        "rmse": 13.837567014094827
      },
      "11-50": {
        "n": 251,
        "mae": 7.9800796812749,
        "rmse": 11.582202310379738
      },
      "51-200": {
        "n": 105,
        "mae": 48.59047619047619,
        "rmse": 60.22117963134296
      },
      "201+": {
        "n": 23,
        "mae": 358.6521739130435,
        "rmse": 419.4591237793489
      }
    }
  }
}