{
  "val": {
    "n": 426,
    "mae": 43.0634,
    "mse": 13449.4484,
    "rmse": 115.9718,
    "nae": 0.9609,
    "avg_time_sec": 5.41,
    "by_gt_range": {
      "1-10": {
        "n": 46,
        "mae": 17.108695652173914,
        "rmse": 35.41892149684968
      },
      "11-50": {
        "n": 251,
        "mae": 21.095617529880478,
        "rmse": 30.626460449769166
      },
      "51-200": {
        "n": 105,
        "mae": 36.819047619047616,
        "rmse": 47.67529059516401
      },
      "201+": {
        "n": 24,
        "mae": 349.875,
        "rmse": 465.37023791099205
      }
    }
  }
}