{
  "val": {
    "n": 425,
    "mae": 41.9835,
    "mse": 9074.4353,
    "rmse": 95.2598,
    "nae": 1.153,
    "avg_time_sec": 5.54,
    "by_gt_range": {
      "1-10": {
        "n": 46,
        "mae": 21.956521739130434,
        "rmse": 40.91082561100317
      },
      "11-50": {
        "n": 251,
        "mae": 24.50199203187251,
        "rmse": 34.92576076394384
      },
      "51-200": {
        "n": 105,
        "mae": 39.885714285714286,
        "rmse": 49.63389778693398
      },
      "201+": {
        "n": 23,
        "mae": 282.39130434782606,
        "rmse": 373.8636696421048
      }
    }
  }
}