{
  "val": {
    "n": 428,
    "mae": 43.021,
    "mse": 10090.4977,
    "rmse": 100.4515,
    "nae": 1.1261,
    "avg_time_sec": 4.98,
    "by_gt_range": {
      "1-10": {
        "n": 46,
        "mae": 21.304347826086957,
        "rmse": 40.45502064827274
      },
      "11-50": {
        "n": 251,
        "mae": 24.10756972111554,
        "rmse": 34.63221676772961
      },
      "51-200": {
        "n": 105,
        "mae": 39.2952380952381,
        "rmse": 48.6836239211425
      },
      "201+": {
        "n": 26,
        "mae": 279.0769230769231,
        "rmse": 376.90755855024673
      }
    }
  }
}