{
  "val": {
    "n": 428,
    "mae": 41.6472,
    "mse": 10057.2453,
    "rmse": 100.2858,
    "nae": 1.0653,
    "avg_time_sec": 4.98,
    "by_gt_range": {
      "1-10": {
        "n": 46,
        "mae": 21.282608695652176,
        "rmse": 40.33474066295488
      },
      "11-50": {
        "n": 251,
        "mae": 22.816733067729082,
        "rmse": 33.35616084227107
      },
      "51-200": {
        "n": 105,
        "mae": 36.266666666666666,
        "rmse": 44.38918787272414
      },
      "201+": {
        "n": 26,
        "mae": 281.1923076923077,
        "rmse": 379.44803029177484
      }
    }
  }
}