{
  "val": {
    "n": 428,
    "mae": 41.6729,
    "mse": 9983.5841,
    "rmse": 99.9179,
    "nae": 1.0629,
    "avg_time_sec": 5.09,
    "by_gt_range": {
      "1-10": {
        "n": 46,
        "mae": 20.76086956521739,
        "rmse": 38.83213595218135
      },
      "11-50": {
        "n": 251,
        "mae": 22.884462151394423,
        "rmse": 33.47937463418955
      },
      "51-200": {
        "n": 105,
        "mae": 36.885714285714286,
        "rmse": 45.03110036408171
      },
      "201+": {
        "n": 26,
        "mae": 279.38461538461536,
        "rmse": 377.71336303523157
      }
    }
  }
}