{
  "val": {
    "n": 425,
    "mae": 37.9435,
    "mse": 9174.7529,
    "rmse": 95.7849,
    "nae": 0.9497,
    "avg_time_sec": 5.37,
    "by_gt_range": {
      "1-10": {
        "n": 46,
        "mae": 17.804347826086957,
        "rmse": 27.208933954797306
      },
      "11-50": {
        "n": 251,
        "mae": 20.15139442231076,
        "rmse": 29.685200948932216
      },
      "51-200": {
        "n": 105,
        "mae": 31.38095238095238,
        "rmse": 40.247685529433745
      },
      "201+": {
        "n": 23,
        "mae": 302.3478260869565,
        "rmse": 388.63999212415195
      }
    }
  }
}