{
  "val": {
    "n": 426,
    "mae": 41.5939,
    "mse": 14700.8803,
    "rmse": 121.2472,
    "nae": 0.4717,
    "avg_time_sec": 5.22,
    "by_gt_range": {
      "1-10": {
        "n": 46,
        "mae": 4.608695652173913,
        "rmse": 11.29832615536671
      },
      "11-50": {
        "n": 251,
        "mae": 10.187250996015937,
        "rmse": 14.507451032423557
      },
      "51-200": {
        "n": 105,
        "mae": 51.4,
        "rmse": 64.88898945415124
      },
      "201+": {
        "n": 24,
        "mae": 398.0416666666667,
        "rmse": 489.97300095685546
      }
    }
  }
}