{
  "val": {
    "n": 425,
    "mae": 31.2682,
    "mse": 9241.4659,
    "rmse": 96.1325,
    "nae": 0.4072,
    "avg_time_sec": 5.39,
    "by_gt_range": {
      "1-10": {
        "n": 46,
        "mae": 6.065217391304348,
        "rmse": 15.07156839592494
      },
      "11-50": {
        "n": 251,
        "mae": 7.693227091633466,
        "rmse": 11.603852911444468
      },
      "51-200": {
        "n": 105,
        "mae": 34.857142857142854,
        "rmse": 47.93269090237744
      },
      "201+": {
        "n": 23,
        "mae": 322.5652173913044,
        "rmse": 397.93679856501575
      }
    }
  }
}