{
  "val": {
    "n": 428,
    "mae": 42.5771,
    "mse": 10096.1752,
    "rmse": 100.4797,
    "nae": 1.0992,
    "avg_time_sec": 4.98,
    "by_gt_range": {
      "1-10": {
        "n": 46,
        "mae": 21.456521739130434,
        "rmse": 40.47194412021203
      },
      "11-50": {
        "n": 251,
        "mae": 23.47410358565737,
        "rmse": 34.00445248558814
      },
      "51-200": {
        "n": 105,
        "mae": 38.885714285714286,
        "rmse": 48.3348439829606
      },
      "201+": {
        "n": 26,
        "mae": 279.2692307692308,
        "rmse": 377.76045523381816
      }
    }
  }
}