{
  "test": {
    "n": 178,
    "mae": 20.5787,
    "mse": 2262.9944,
    "rmse": 47.5709,
    "nae": 0.4692,
    "avg_time_sec": 9.79,
    "by_gt_range": {
      "1-10": {
        "n": 10,
        "mae": 9.7,
        "rmse": 16.355427233796124
      },
      "11-50": {
        "n": 96,
        "mae": 11.697916666666666,
        "rmse": 27.3832750050099
      },
      "51-200": {
        "n": 60,
        "mae": 21.55,
        "rmse": 32.74573763611584
      },
      "201+": {
        "n": 12,
        "mae": 95.83333333333333,
        "rmse": 148.2722720762944
      }
    }
  },
  "thermal": {
    "enabled": true,
    "temp_limit_c": 78,
    "cooldown_sec": 30,
    "hysteresis_c": 5,
    "check_every": 5,
    "peak_temp_c": 45,
    "cooldown_events": 0,
    "cooldown_seconds": 0.0,
    "polls": 35
  }
}