{
  "val": {
    "n": 424,
    "mae": 44.2547,
    "mse": 8571.3679,
    "rmse": 92.5817,
    "nae": 1.3589,
    "avg_time_sec": 5.59,
    "by_gt_range": {
      "1-10": {
        "n": 46,
        "mae": 27.652173913043477,
        "rmse": 46.594924149758405
      },
      "11-50": {
        "n": 251,
        "mae": 28.250996015936256,
        "rmse": 39.15751213971735
      },
      "51-200": {
        "n": 105,
        "mae": 41.733333333333334,
        "rmse": 52.51303693007145
      },
      "201+": {
        "n": 22,
        "mae": 273.59090909090907,
        "rmse": 360.55380382759165
      }
    }
  }
}