{
  "val": {
    "n": 428,
    "mae": 50.8808,
    "mse": 17548.8715,
    "rmse": 132.4722,
    "nae": 0.6819,
    "avg_time_sec": 4.97,
    "by_gt_range": {
      "1-10": {
        "n": 46,
        "mae": 8.152173913043478,
        "rmse": 11.23368382027521
      },
      "11-50": {
        "n": 251,
        "mae": 14.828685258964143,
        "rmse": 18.017919367304685
      },
      "51-200": {
        "n": 105,
        "mae": 59.77142857142857,
        "rmse": 76.16936016910887
      },
      "201+": {
        "n": 26,
        "mae": 438.61538461538464,
        "rmse": 511.9510192917347
      }
    }
  }
}