{
  "val": {
    "n": 425,
    "mae": 41.9106,
    "mse": 9086.48,
    "rmse": 95.323,
    "nae": 1.1459,
    "avg_time_sec": 8.03,
    "by_gt_range": {
      "1-10": {
        "n": 46,
        "mae": 21.652173913043477,
        "rmse": 40.77030035827977
      },
      "11-50": {
        "n": 251,
        "mae": 24.39840637450199,
        "rmse": 34.847076277639154
      },
      "51-200": {
        "n": 105,
        "mae": 39.904761904761905,
        "rmse": 49.67628542205358
      },
      "201+": {
        "n": 23,
        "mae": 282.69565217391306,
        "rmse": 374.24625698804954
      }
    }
  }
}