{
  "val": {
    "n": 426,
    "mae": 41.5704,
    "mse": 14685.3451,
    "rmse": 121.1831,
    "nae": 0.4713,
    "avg_time_sec": 5.19,
    "by_gt_range": {
      "1-10": {
        "n": 46,
        "mae": 4.6521739130434785,
        "rmse": 11.46639703087091
      },
      "11-50": {
        "n": 251,
        "mae": 10.159362549800797,
        "rmse": 14.507039093727302
      },
      "51-200": {
        "n": 105,
        "mae": 51.41904761904762,
        "rmse": 64.8254065419827
      },
      "201+": {
        "n": 24,
        "mae": 397.75,
        "rmse": 489.72100901091295
      }
    }
  }
}