{
  "val": {
    "n": 428,
    "mae": 61.1262,
    "mse": 18885.3832,
    "rmse": 137.4241,
    "nae": 0.7582,
    "avg_time_sec": 5.06,
    "by_gt_range": {
      "1-10": {
        "n": 46,
        "mae": 4.326086956521739,
        "rmse": 4.901197724070595
      },
      "11-50": {
        "n": 251,
        "mae": 18.605577689243027,
        "rmse": 21.574664202674565
      },
      "51-200": {
        "n": 105,
        "mae": 92.33333333333333,
        "rmse": 100.44126452334031
      },
      "201+": {
        "n": 26,
        "mae": 446.0769230769231,
        "rmse": 515.3684268410468
      }
    }
  }
}