{
  "val": {
    "n": 425,
    "mae": 37.7318,
    "mse": 8973.2047,
    "rmse": 94.727,
    "nae": 0.9533,
    "avg_time_sec": 5.38,
    "by_gt_range": {
      "1-10": {
        "n": 46,
        "mae": 19.108695652173914,
        "rmse": 37.315633744305224
      },
      "11-50": {
        "n": 251,
        "mae": 20.05577689243028,
        "rmse": 30.394091478653365
      },
      "51-200": {
        "n": 105,
        "mae": 31.8,
        "rmse": 40.437488500035165
      },
      "201+": {
        "n": 23,
        "mae": 294.95652173913044,
        "rmse": 381.41555564365297
      }
    }
  }
}