{
  "val": {
    "n": 425,
    "mae": 29.9082,
    "mse": 8075.1129,
    "rmse": 89.8616,
    "nae": 0.5589,
    "avg_time_sec": 5.61,
    "by_gt_range": {
      "1-10": {
        "n": 46,
        "mae": 10.804347826086957,
        "rmse": 31.497066806153622
      },
      "11-50": {
        "n": 251,
        "mae": 10.752988047808765,
        "rmse": 22.102531808609566
      },
      "51-200": {
        "n": 105,
        "mae": 29.142857142857142,
        "rmse": 37.972671877599154
      },
      "201+": {
        "n": 23,
        "mae": 280.6521739130435,
        "rmse": 367.85317250465454
      }
    }
  },
  "thermal": {
    "enabled": true,
    "temp_limit_c": 78,
    "cooldown_sec": 30,
    "hysteresis_c": 5,
    "check_every": 5,
    "peak_temp_c": 63,
    "cooldown_events": 0,
    "cooldown_seconds": 0.0,
    "polls": 84
  }
}