{
  "metrics": {
    "num_images": 1190,
    "top1_mae": 63.79075630252101,
    "top1_rmse": 160.069016102325,
    "top1_nae": 0.912629512316662,
    "top1_sre": 61.652410314550465,
    "top1_by_gt_range": {
      "1-10": {
        "n": 60,
        "mae": 6.816666666666666,
        "rmse": 7.024955515873392
      },
      "11-50": {
        "n": 681,
        "mae": 23.90748898678414,
        "rmse": 26.568587991111038
      },
      "51-200": {
        "n": 393,
        "mae": 92.14758269720102,
        "rmse": 99.35763146984588
      },
      "201+": {
        "n": 56,
        "mae": 410.8392857142857,
        "rmse": 683.046523723991
      }
    },
    "select_mae": 82.95378151260505,
    "select_rmse": 208.81885318471163,
    "select_nae": 1.7558701631742866,
    "select_sre": 778.7230904125486,
    "select_by_gt_range": {
      "1-10": {
        "n": 60,
        "mae": 18.116666666666667,
        "rmse": 67.3811299004897
      },
      "11-50": {
        "n": 681,
        "mae": 46.732745961820854,
        "rmse": 150.54036296308465
      },
      "51-200": {
        "n": 393,
        "mae": 108.46055979643766,
        "rmse": 159.19619179149993
      },
      "201+": {
        "n": 56,
        "mae": 413.89285714285717,
        "rmse": 684.325110706057
      }
    },
    "scale_mae": 44.016806722689076,
    "scale_rmse": 129.95101210155497,
    "scale_nae": 0.8708362220135961,
    "scale_sre": 47.012863899611176,
    "scale_by_gt_range": {
      "1-10": {
        "n": 60,
        "mae": 24.15,
        "rmse": 28.220855172490197
      },
      "11-50": {
        "n": 681,
        "mae": 18.878120411160058,
        "rmse": 25.49613428416401
      },
      "51-200": {
        "n": 393,
        "mae": 52.70229007633588,
        "rmse": 65.66035670591572
      },
      "201+": {
        "n": 56,
        "mae": 310.05357142857144,
        "rmse": 565.544001698491
      }
    },
    "oracle_mae": 25.08655462184874,
    "oracle_rmse": 68.01568652484056,
    "oracle_by_gt_range": {
      "1-10": {
        "n": 60,
        "mae": 0.7,
        "rmse": 1.1254628677422756
      },
      "11-50": {
        "n": 681,
        "mae": 4.907488986784141,
        "rmse": 7.940860704134468
      },
      "51-200": {
        "n": 393,
        "mae": 42.25699745547074,
        "rmse": 55.1365411314396
      },
      "201+": {
        "n": 56,
        "mae": 176.10714285714286,
        "rmse": 276.0481971374875
      }
    }
  },
  "thermal": {
    "enabled": true,
    "temp_limit_c": 78,
    "cooldown_sec": 30,
    "hysteresis_c": 5,
    "check_every": 5,
    "peak_temp_c": 39,
    "cooldown_events": 0,
    "cooldown_seconds": 0.0,
    "polls": 236,
    "num_shards": 4
  }
}